{
    "arena_size": [
        488,
        388
    ],
    "arena_vertices": [
        [
            30,
            26
        ],
        [
            53,
            4
        ],
        [
            433,
            3
        ],
        [
            457,
            27
        ],
        [
            457,
            139
        ],
        [
            482,
            140
        ],
        [
            482,
            246
        ],
        [
            459,
            246
        ],
        [
            459,
            364
        ],
        [
            437,
            384
        ],
        [
            48,
            378
        ],
        [
            27,
            353
        ],
        [
            27,
            241
        ],
        [
            4,
            241
        ],
        [
            5,
            136
        ],
        [
            28,
            136
        ]
    ],
    "warp_matrix": [
        [
            1.0432894265258834,
            0.008302037876863854,
            -170.47127841756222
        ],
        [
            0.010685589755294638,
            1.042913560116754,
            -53.88742913595074
        ],
        [
            6.592654692041944e-05,
            6.359613715509644e-06,
            1.0
        ]
    ]
}