{"warp_matrix": [[1.0018420274182096, -0.004015398907487561, -362.5182441658148], [0.004761000961380851, 1.0013972022103994, -38.77517882980456], [6.031512350191445e-08, 6.352995796036446e-06, 1.0]], "arena_vertices": [[68, 4], [582, 7], [604, 30], [607, 170], [628, 171], [631, 328], [606, 328], [602, 467], [572, 495], [65, 494], [39, 463], [39, 327], [4, 327], [4, 174], [40, 171], [40, 27]], "arena_size": [632, 498]}