{
    "arena_size": [
        488,
        390
    ],
    "arena_vertices": [
        [
            0,
            141
        ],
        [
            22,
            141
        ],
        [
            24,
            26
        ],
        [
            45,
            5
        ],
        [
            442,
            3
        ],
        [
            467,
            26
        ],
        [
            468,
            142
        ],
        [
            486,
            141
        ],
        [
            487,
            250
        ],
        [
            468,
            251
        ],
        [
            467,
            367
        ],
        [
            444,
            389
        ],
        [
            43,
            388
        ],
        [
            20,
            364
        ],
        [
            20,
            249
        ],
        [
            1,
            248
        ]
    ],
    "warp_matrix": [
        [
            1.0412732881388151,
            -0.0027401928635231053,
            -246.6612008029042
        ],
        [
            0.002123832673245285,
            1.0385541772169489,
            -46.19973214110488
        ],
        [
            6.012963009155158e-05,
            -5.6151493104981945e-06,
            1.0
        ]
    ]
}