{
    "arena_size": [
        639,
        498
    ],
    "arena_vertices": [
        [
            64,
            1
        ],
        [
            577,
            0
        ],
        [
            609,
            32
        ],
        [
            609,
            170
        ],
        [
            637,
            170
        ],
        [
            638,
            328
        ],
        [
            610,
            329
        ],
        [
            610,
            470
        ],
        [
            579,
            497
        ],
        [
            58,
            497
        ],
        [
            32,
            470
        ],
        [
            34,
            331
        ],
        [
            2,
            331
        ],
        [
            0,
            172
        ],
        [
            34,
            172
        ],
        [
            33,
            32
        ]
    ],
    "warp_matrix": [
        [
            0.9926605422995015,
            -0.0019892996839669646,
            -245.11553915935406
        ],
        [
            0.0015923016520345051,
            1.0063346440857703,
            -36.621345695140235
        ],
        [
            -2.1740742200280542e-05,
            2.5701491292853415e-05,
            1.0
        ]
    ]
}