{
    "arena_size": [
        639,
        493
    ],
    "arena_vertices": [
        [
            65,
            0
        ],
        [
            575,
            -1
        ],
        [
            605,
            28
        ],
        [
            606,
            168
        ],
        [
            636,
            168
        ],
        [
            637,
            324
        ],
        [
            606,
            324
        ],
        [
            605,
            464
        ],
        [
            576,
            492
        ],
        [
            63,
            492
        ],
        [
            33,
            463
        ],
        [
            35,
            326
        ],
        [
            1,
            325
        ],
        [
            0,
            170
        ],
        [
            33,
            169
        ],
        [
            33,
            28
        ]
    ],
    "warp_matrix": [
        [
            0.9900587171655544,
            -0.008016669774619848,
            -206.59358842684148
        ],
        [
            0.007916521199919369,
            1.0038148881497813,
            -42.810963344924176
        ],
        [
            -2.1750018370215837e-05,
            1.971590494902311e-05,
            1.0
        ]
    ]
}