{
    "arena_size": [
        638,
        491
    ],
    "arena_vertices": [
        [
            67,
            0
        ],
        [
            575,
            0
        ],
        [
            605,
            29
        ],
        [
            604,
            168
        ],
        [
            636,
            168
        ],
        [
            636,
            323
        ],
        [
            605,
            322
        ],
        [
            604,
            463
        ],
        [
            576,
            490
        ],
        [
            61,
            490
        ],
        [
            33,
            463
        ],
        [
            34,
            324
        ],
        [
            2,
            325
        ],
        [
            3,
            168
        ],
        [
            35,
            168
        ],
        [
            35,
            28
        ]
    ],
    "warp_matrix": [
        [
            0.9892001923574023,
            -0.010052847483306974,
            -205.33142041604074
        ],
        [
            0.006305423578224366,
            1.0009859930431375,
            -43.352939812082425
        ],
        [
            -1.8853822491374244e-05,
            1.3304747678170163e-05,
            1.0
        ]
    ]
}