{"warp_matrix": [[1.0742034375144163, -0.06465113281336769, -332.2173057075835], [0.08281526198619474, 1.072917727510033, -92.44207610730098], [7.57667262601476e-05, 1.842303645969374e-05, 1.0]], "arena_vertices": [[60, 0], [542, 0], [562, 23], [564, 155], [585, 156], [583, 294], [562, 295], [561, 426], [538, 449], [58, 448], [36, 426], [34, 296], [2, 295], [2, 154], [32, 153], [36, 22]], "arena_size": [589, 450]}