{"warp_matrix": [[1.0706469915204624, -0.029740194208901505, -314.11593123442015], [0.045600511692133305, 1.0688759940635995, -75.44695860486816], [7.721358488282947e-05, 7.413055892144108e-06, 1.0]], "arena_vertices": [[60, 0], [539, 0], [561, 23], [560, 155], [586, 155], [585, 294], [559, 295], [559, 425], [537, 448], [57, 449], [35, 424], [35, 295], [2, 295], [4, 156], [34, 156], [36, 23]], "arena_size": [588, 450]}