{
    "arena_size": [
        495,
        381
    ],
    "arena_vertices": [
        [
            51,
            1
        ],
        [
            444,
            0
        ],
        [
            470,
            25
        ],
        [
            469,
            131
        ],
        [
            494,
            132
        ],
        [
            493,
            252
        ],
        [
            470,
            251
        ],
        [
            470,
            357
        ],
        [
            446,
            380
        ],
        [
            50,
            380
        ],
        [
            25,
            356
        ],
        [
            25,
            251
        ],
        [
            1,
            251
        ],
        [
            2,
            130
        ],
        [
            25,
            131
        ],
        [
            25,
            25
        ]
    ],
    "warp_matrix": [
        [
            1.004903868584302,
            0.0026444838646955526,
            -180.00472770209547
        ],
        [
            0.002020744230653059,
            1.00228913840392,
            -48.47159186067506
        ],
        [
            1.062886326833091e-05,
            -5.230801873284149e-06,
            1.0
        ]
    ]
}