{"warp_matrix": [[1.0058279050750514, -0.01825090956789407, -294.96511679978147], [0.01613690651881173, 1.005329276121969, -45.96275083753142], [6.573714170329578e-06, 2.9922961401246435e-06, 1.0]], "arena_vertices": [[35, 176], [36, 37], [64, 8], [568, 7], [593, 34], [598, 173], [622, 175], [621, 325], [594, 327], [594, 466], [567, 496], [60, 496], [33, 466], [35, 321], [3, 320], [2, 178]], "arena_size": [623, 497]}
