{
    "arena_size": [
        496,
        392
    ],
    "arena_vertices": [
        [
            0,
            142
        ],
        [
            23,
            141
        ],
        [
            23,
            25
        ],
        [
            44,
            6
        ],
        [
            445,
            3
        ],
        [
            468,
            29
        ],
        [
            472,
            144
        ],
        [
            492,
            145
        ],
        [
            495,
            253
        ],
        [
            474,
            254
        ],
        [
            476,
            369
        ],
        [
            450,
            391
        ],
        [
            47,
            390
        ],
        [
            23,
            368
        ],
        [
            23,
            252
        ],
        [
            1,
            251
        ]
    ],
    "warp_matrix": [
        [
            1.0802410230436708,
            0.002857780484242467,
            -282.1029427215157
        ],
        [
            0.028689462529177263,
            1.0791651674436635,
            -67.92119909696044
        ],
        [
            8.40925003321552e-05,
            4.3056029561990824e-05,
            1.0
        ]
    ]
}