{
    "arena_size": [
        661,
        499
    ],
    "arena_vertices": [
        [
            70,
            1
        ],
        [
            598,
            3
        ],
        [
            629,
            34
        ],
        [
            628,
            174
        ],
        [
            656,
            173
        ],
        [
            654,
            330
        ],
        [
            633,
            330
        ],
        [
            630,
            469
        ],
        [
            601,
            496
        ],
        [
            63,
            496
        ],
        [
            37,
            474
        ],
        [
            38,
            332
        ],
        [
            4,
            330
        ],
        [
            4,
            173
        ],
        [
            36,
            170
        ],
        [
            38,
            30
        ]
    ],
    "warp_matrix": [
        [
            1.058013101463068,
            0.038088471652670555,
            -282.80266996867226
        ],
        [
            -0.010322304085049305,
            1.0666380887884364,
            -35.65323830976058
        ],
        [
            -1.4638333967563493e-05,
            0.00013578040025163406,
            1.0
        ]
    ]
}