{"warp_matrix": [[1.0632236748012576, -0.007383497741675099, -285.5863091502628], [0.023530583127981092, 1.0606862856151333, -66.78884514148955], [7.651563654076691e-05, -4.900916961909625e-06, 1.0]], "arena_vertices": [[58, 0], [533, 0], [555, 23], [555, 155], [580, 156], [582, 295], [555, 295], [555, 427], [531, 447], [57, 447], [34, 424], [34, 294], [1, 294], [1, 156], [33, 156], [34, 23]], "arena_size": [585, 450]}