{"warp_matrix": [[1.0647821577660246, -0.02978411630114708, -316.5828181939725], [0.041666327135519765, 1.0615855522354094, -76.15336494764485], [7.691908914901516e-05, -8.110709348906953e-06, 1.0]], "arena_vertices": [[36, 23], [60, 1], [533, 2], [554, 24], [551, 155], [583, 157], [584, 295], [553, 296], [555, 425], [530, 444], [58, 445], [38, 423], [36, 294], [2, 294], [3, 159], [37, 157]], "arena_size": [585, 447]}