{"arena_vertices": [[69, 0], [595, 4], [626, 36], [625, 175], [656, 176], [658, 333], [626, 332], [626, 474], [597, 501], [63, 500], [34, 475], [36, 331], [2, 332], [0, 170], [36, 170], [35, 28]], "arena_size": [659, 502], "warp_matrix": [[1.0266774517564607, 0.034698840317812736, -228.11017624930122], [-0.010109032611705548, 1.0513393916173812, -34.562782499421424], [-3.8136473877927135e-05, 0.00011441611825868469, 1.0]]}