{
    "arena_size": [
        655,
        504
    ],
    "arena_vertices": [
        [
            41,
            33
        ],
        [
            73,
            2
        ],
        [
            585,
            2
        ],
        [
            617,
            33
        ],
        [
            617,
            170
        ],
        [
            653,
            169
        ],
        [
            653,
            332
        ],
        [
            618,
            332
        ],
        [
            617,
            472
        ],
        [
            585,
            502
        ],
        [
            68,
            502
        ],
        [
            35,
            473
        ],
        [
            37,
            335
        ],
        [
            0,
            336
        ],
        [
            1,
            171
        ],
        [
            39,
            170
        ]
    ],
    "warp_matrix": [
        [
            0.9888714848097327,
            -3.561697537058682e-18,
            -191.84106805308812
        ],
        [
            -0.009159090810356202,
            0.9983408983288384,
            -28.17336333265603
        ],
        [
            -1.5162531611387457e-05,
            6.099559957344956e-06,
            1.0
        ]
    ]
}