{
    "arena_size": [
        638,
        490
    ],
    "arena_vertices": [
        [
            39,
            26
        ],
        [
            66,
            0
        ],
        [
            576,
            2
        ],
        [
            604,
            29
        ],
        [
            604,
            171
        ],
        [
            636,
            172
        ],
        [
            635,
            320
        ],
        [
            604,
            321
        ],
        [
            604,
            465
        ],
        [
            575,
            489
        ],
        [
            60,
            489
        ],
        [
            38,
            466
        ],
        [
            39,
            321
        ],
        [
            1,
            321
        ],
        [
            3,
            170
        ],
        [
            39,
            170
        ]
    ],
    "warp_matrix": [
        [
            0.9930605116963349,
            -0.006067579501199597,
            -242.05192651485532
        ],
        [
            0.007908272001933237,
            1.0027688898451226,
            -44.04591174196685
        ],
        [
            -1.5630597290832074e-05,
            1.6368728874183092e-05,
            1.0
        ]
    ]
}