{"warp_matrix": [[1.068636598363406, -0.02221184615535915, -339.6734233393819], [0.036303410385868096, 1.0673202653445153, -70.28340250704017], [7.647868951314487e-05, 7.409127501141477e-07, 1.0]], "arena_vertices": [[61, 2], [539, 3], [561, 24], [563, 156], [586, 158], [587, 295], [562, 297], [560, 429], [536, 450], [57, 450], [35, 428], [34, 296], [1, 297], [1, 154], [35, 155], [37, 24]], "arena_size": [588, 451]}