{
    "arena_size": [
        525,
        406
    ],
    "arena_vertices": [
        [
            2,
            137
        ],
        [
            29,
            136
        ],
        [
            30,
            20
        ],
        [
            50,
            2
        ],
        [
            479,
            2
        ],
        [
            506,
            23
        ],
        [
            502,
            135
        ],
        [
            520,
            136
        ],
        [
            524,
            266
        ],
        [
            498,
            264
        ],
        [
            500,
            378
        ],
        [
            474,
            404
        ],
        [
            48,
            403
        ],
        [
            26,
            380
        ],
        [
            27,
            269
        ],
        [
            3,
            266
        ]
    ],
    "warp_matrix": [
        [
            0.9807581336971879,
            0.04337505259594448,
            -109.90515410269052
        ],
        [
            -0.045329247931519295,
            1.0343310209828516,
            -19.792397983189797
        ],
        [
            -0.000107020461062099,
            0.00011332066891963133,
            1.0
        ]
    ]
}