{
    "arena_size": [
        639,
        500
    ],
    "arena_vertices": [
        [
            71,
            1
        ],
        [
            576,
            0
        ],
        [
            608,
            32
        ],
        [
            609,
            170
        ],
        [
            637,
            171
        ],
        [
            637,
            329
        ],
        [
            609,
            329
        ],
        [
            609,
            471
        ],
        [
            579,
            498
        ],
        [
            58,
            499
        ],
        [
            33,
            471
        ],
        [
            34,
            331
        ],
        [
            1,
            330
        ],
        [
            2,
            172
        ],
        [
            34,
            172
        ],
        [
            35,
            34
        ]
    ],
    "warp_matrix": [
        [
            0.9876463713608821,
            -0.005914050127909425,
            -241.76636922893928
        ],
        [
            0.001576780893011392,
            1.0012558670622391,
            -35.43026666596616
        ],
        [
            -2.1676259521061678e-05,
            1.6126029557733452e-05,
            1.0
        ]
    ]
}