{"warp_matrix": [[1.0421819093959332, -0.019078845023265373, -310.734764038314], [0.028425610787539246, 1.041087995093625, -56.38930539978102], [4.3905537731079615e-05, 9.99414409806181e-06, 1.0]], "arena_vertices": [[60, 0], [539, 0], [561, 23], [560, 155], [586, 155], [585, 294], [559, 295], [559, 425], [537, 448], [57, 449], [35, 424], [35, 295], [2, 295], [4, 156], [34, 156], [36, 23]], "arena_size": [588, 447]}