{"warp_matrix": [[1.047996273607081, -0.04336536304580943, -302.6251860151869], [0.04611731844980302, 1.0447346371897646, -69.83581007714014], [5.9020750081735995e-05, -8.64870800117558e-06, 1.0]], "arena_vertices": [[62, 3], [538, 0], [561, 23], [563, 156], [587, 155], [587, 294], [562, 295], [562, 426], [532, 448], [57, 448], [35, 426], [35, 298], [3, 297], [4, 157], [37, 157], [38, 24]], "arena_size": [588, 449]}