{"warp_matrix": [[1.061049076985661, -0.061545770126777935, -329.29202665551065], [0.07021417653016321, 1.0586137384547654, -88.73991695312155], [7.232367921016457e-05, -4.365177314144151e-06, 1.0]], "arena_vertices": [[63, 0], [539, -1], [562, 21], [561, 152], [585, 154], [585, 292], [561, 294], [562, 424], [539, 446], [54, 443], [34, 422], [36, 297], [3, 294], [1, 156], [39, 157], [36, 26]], "arena_size": [588, 448]}