{
    "arena_size": [
        493,
        394
    ],
    "arena_vertices": [
        [
            33,
            30
        ],
        [
            54,
            9
        ],
        [
            432,
            8
        ],
        [
            452,
            31
        ],
        [
            458,
            138
        ],
        [
            480,
            139
        ],
        [
            484,
            240
        ],
        [
            462,
            241
        ],
        [
            465,
            351
        ],
        [
            446,
            373
        ],
        [
            55,
            382
        ],
        [
            34,
            361
        ],
        [
            35,
            246
        ],
        [
            10,
            245
        ],
        [
            10,
            143
        ],
        [
            33,
            143
        ]
    ],
    "warp_matrix": [
        [
            0.9909103142124047,
            -0.0025086337068668707,
            -176.29423375006766
        ],
        [
            0.002011026353979957,
            0.9934470188660969,
            -35.12860835132182
        ],
        [
            -1.0270279747814078e-05,
            -5.0885065048010055e-06,
            1.0
        ]
    ]
}