{"warp_matrix": [[1.0210595109147635, -0.002113994846614516, -306.21849551663814], [0.00990786317453412, 1.0205099069770072, -50.936324580279575], [1.699704399980623e-05, 1.326816955665957e-05, 1.0]], "arena_vertices": [[0, 167], [30, 166], [30, 23], [58, 0], [569, 0], [594, 23], [598, 165], [619, 165], [620, 321], [598, 322], [597, 463], [569, 484], [58, 485], [29, 458], [30, 321], [1, 321]], "arena_size": [621, 487]}