{
    "arena_size": [
        479,
        377
    ],
    "arena_vertices": [
        [
            1,
            137
        ],
        [
            25,
            138
        ],
        [
            26,
            26
        ],
        [
            48,
            3
        ],
        [
            436,
            4
        ],
        [
            459,
            26
        ],
        [
            458,
            136
        ],
        [
            478,
            137
        ],
        [
            478,
            241
        ],
        [
            458,
            242
        ],
        [
            456,
            352
        ],
        [
            430,
            375
        ],
        [
            45,
            374
        ],
        [
            23,
            352
        ],
        [
            24,
            241
        ],
        [
            1,
            239
        ]
    ],
    "warp_matrix": [
        [
            0.9960864781104994,
            0.026351494129907393,
            -194.21578203624347
        ],
        [
            -0.030507225945790584,
            1.0176338940488738,
            -31.73405224632493
        ],
        [
            -4.808315103390895e-05,
            7.226433307246465e-05,
            1.0
        ]
    ]
}