{
    "arena_size": [
        665,
        493
    ],
    "arena_vertices": [
        [
            46,
            27
        ],
        [
            77,
            1
        ],
        [
            602,
            3
        ],
        [
            630,
            29
        ],
        [
            629,
            171
        ],
        [
            658,
            171
        ],
        [
            663,
            319
        ],
        [
            619,
            319
        ],
        [
            627,
            462
        ],
        [
            599,
            489
        ],
        [
            65,
            491
        ],
        [
            40,
            466
        ],
        [
            44,
            324
        ],
        [
            2,
            322
        ],
        [
            5,
            170
        ],
        [
            47,
            170
        ]
    ],
    "warp_matrix": [
        [
            1.0647039699143854,
            0.040950152689015445,
            -281.4913495842881
        ],
        [
            -0.02387997607176906,
            1.0660703603468364,
            -32.09809926561104
        ],
        [
            -5.780638089999935e-06,
            0.0001331388192193457,
            1.0
        ]
    ]
}