{
    "arena_size": [
        522,
        398
    ],
    "arena_vertices": [
        [
            3,
            137
        ],
        [
            29,
            139
        ],
        [
            32,
            30
        ],
        [
            58,
            8
        ],
        [
            458,
            4
        ],
        [
            484,
            27
        ],
        [
            486,
            134
        ],
        [
            517,
            137
        ],
        [
            518,
            262
        ],
        [
            491,
            262
        ],
        [
            489,
            376
        ],
        [
            465,
            396
        ],
        [
            50,
            397
        ],
        [
            24,
            379
        ],
        [
            26,
            266
        ],
        [
            1,
            262
        ]
    ],
    "warp_matrix": [
        [
            1.0254145061757025,
            0.010410299555083312,
            -176.70442464798347
        ],
        [
            -0.001978626129339512,
            1.0249283349978118,
            -32.4573830256836
        ],
        [
            2.4287368681269836e-05,
            2.4805529255141717e-05,
            1.0
        ]
    ]
}