{
    "arena_size": [
        640,
        500
    ],
    "arena_vertices": [
        [
            67,
            1
        ],
        [
            574,
            1
        ],
        [
            607,
            35
        ],
        [
            607,
            172
        ],
        [
            639,
            173
        ],
        [
            639,
            327
        ],
        [
            608,
            328
        ],
        [
            608,
            467
        ],
        [
            576,
            498
        ],
        [
            64,
            498
        ],
        [
            32,
            469
        ],
        [
            33,
            330
        ],
        [
            0,
            331
        ],
        [
            2,
            173
        ],
        [
            35,
            174
        ],
        [
            33,
            35
        ]
    ],
    "warp_matrix": [
        [
            0.9961789920019294,
            0.0039767624431214675,
            -209.3407517683575
        ],
        [
            -0.004734813204058337,
            1.0037803992604015,
            -35.1417836005222
        ],
        [
            -1.257707670121682e-05,
            1.5685160643559845e-05,
            1.0
        ]
    ]
}