{
    "arena_size": [
        506,
        396
    ],
    "arena_vertices": [
        [
            5,
            142
        ],
        [
            26,
            142
        ],
        [
            29,
            31
        ],
        [
            54,
            8
        ],
        [
            455,
            3
        ],
        [
            477,
            28
        ],
        [
            477,
            140
        ],
        [
            499,
            141
        ],
        [
            502,
            255
        ],
        [
            479,
            256
        ],
        [
            477,
            375
        ],
        [
            449,
            395
        ],
        [
            50,
            391
        ],
        [
            25,
            366
        ],
        [
            25,
            252
        ],
        [
            3,
            251
        ]
    ],
    "warp_matrix": [
        [
            1.0342434082937273,
            0.013259530875560538,
            -135.04832196758477
        ],
        [
            0.004126935607417634,
            1.0337973696581302,
            -47.05738326358016
        ],
        [
            3.585879937862195e-05,
            3.1262794144849714e-05,
            1.0
        ]
    ]
}