{
    "arena_size": [
        481,
        378
    ],
    "arena_vertices": [
        [
            4,
            135
        ],
        [
            27,
            134
        ],
        [
            27,
            23
        ],
        [
            46,
            4
        ],
        [
            426,
            6
        ],
        [
            447,
            30
        ],
        [
            446,
            135
        ],
        [
            472,
            136
        ],
        [
            476,
            239
        ],
        [
            452,
            240
        ],
        [
            456,
            351
        ],
        [
            436,
            373
        ],
        [
            51,
            376
        ],
        [
            30,
            355
        ],
        [
            27,
            241
        ],
        [
            5,
            241
        ]
    ],
    "warp_matrix": [
        [
            0.9757931029607197,
            5.3058621837248644e-17,
            -262.48834469643356
        ],
        [
            0.0020601326117553743,
            0.9909237862543129,
            -37.21835576397174
        ],
        [
            -3.254111316445308e-05,
            5.52605094610094e-06,
            1.0
        ]
    ]
}