{"warp_matrix": [[1.0034996234582367, -1.1102230246251565e-16, -366.2773625622563], [1.942890293094024e-16, 1.0031072606112006, -32.099432339558305], [7.589415207398531e-19, 9.492649525051308e-06, 1.0]], "arena_vertices": [[68, 8], [579, 7], [603, 34], [606, 173], [627, 175], [625, 331], [604, 329], [599, 472], [574, 498], [63, 499], [38, 467], [38, 330], [5, 329], [5, 176], [36, 175], [41, 34]], "arena_size": [628, 504]}