{
    "arena_size": [
        535,
        416
    ],
    "arena_vertices": [
        [
            7,
            138
        ],
        [
            36,
            139
        ],
        [
            37,
            27
        ],
        [
            62,
            3
        ],
        [
            472,
            11
        ],
        [
            498,
            29
        ],
        [
            503,
            144
        ],
        [
            529,
            143
        ],
        [
            528,
            273
        ],
        [
            504,
            271
        ],
        [
            506,
            389
        ],
        [
            489,
            414
        ],
        [
            63,
            413
        ],
        [
            30,
            387
        ],
        [
            30,
            270
        ],
        [
            5,
            270
        ]
    ],
    "warp_matrix": [
        [
            1.0322517507738058,
            0.005047685822854803,
            -176.66647995700646
        ],
        [
            0.0038787180951771107,
            1.0317390133171618,
            -31.615431193790172
        ],
        [
            3.6879400054028455e-05,
            1.8511968137431066e-05,
            1.0
        ]
    ]
}