{
    "arena_size": [
        660,
        493
    ],
    "arena_vertices": [
        [
            65,
            2
        ],
        [
            597,
            0
        ],
        [
            627,
            29
        ],
        [
            628,
            165
        ],
        [
            653,
            167
        ],
        [
            657,
            325
        ],
        [
            629,
            321
        ],
        [
            630,
            463
        ],
        [
            596,
            490
        ],
        [
            67,
            490
        ],
        [
            38,
            465
        ],
        [
            36,
            326
        ],
        [
            1,
            324
        ],
        [
            3,
            171
        ],
        [
            38,
            170
        ],
        [
            37,
            24
        ]
    ],
    "warp_matrix": [
        [
            1.0554271556133386,
            0.05127581322817841,
            -300.53181431478924
        ],
        [
            -0.024219051742151707,
            1.0673682089219663,
            -31.57126387816184
        ],
        [
            -2.1607534592503063e-05,
            0.00014397854383549306,
            1.0
        ]
    ]
}