{"warp_matrix": [[1.0018971251003381, -0.008297284679919978, -296.18817121910365], [0.006408916858309093, 1.0013932591107781, -46.95973605004448], [8.468533458300488e-08, 6.626172193505878e-06, 1.0]], "arena_vertices": [[65, 1], [575, 2], [596, 24], [599, 165], [625, 162], [624, 316], [599, 316], [597, 457], [573, 480], [58, 479], [36, 454], [33, 318], [1, 318], [2, 166], [34, 167], [37, 25]], "arena_size": [626, 482]}