{
    "arena_size": [
        476,
        376
    ],
    "arena_vertices": [
        [
            45,
            0
        ],
        [
            433,
            1
        ],
        [
            457,
            26
        ],
        [
            460,
            135
        ],
        [
            475,
            136
        ],
        [
            474,
            243
        ],
        [
            460,
            244
        ],
        [
            458,
            353
        ],
        [
            434,
            375
        ],
        [
            48,
            374
        ],
        [
            24,
            352
        ],
        [
            21,
            242
        ],
        [
            1,
            241
        ],
        [
            3,
            134
        ],
        [
            20,
            133
        ],
        [
            22,
            21
        ]
    ],
    "warp_matrix": [
        [
            0.9986363277407126,
            0.021191221808821558,
            -232.55246813000704
        ],
        [
            -0.013216102690394397,
            1.0198425909421092,
            -38.747410404454946
        ],
        [
            -4.6188888450834155e-05,
            7.938383479831364e-05,
            1.0
        ]
    ]
}