{
    "arena_size": [
        662,
        496
    ],
    "arena_vertices": [
        [
            2,
            322
        ],
        [
            44,
            321
        ],
        [
            44,
            461
        ],
        [
            70,
            490
        ],
        [
            594,
            489
        ],
        [
            627,
            466
        ],
        [
            622,
            323
        ],
        [
            661,
            322
        ],
        [
            660,
            173
        ],
        [
            623,
            169
        ],
        [
            621,
            28
        ],
        [
            593,
            1
        ],
        [
            66,
            -1
        ],
        [
            43,
            27
        ],
        [
            41,
            166
        ],
        [
            1,
            167
        ]
    ],
    "warp_matrix": [
        [
            1.0332051169845136,
            0.02910436949252144,
            -274.96353078059695
        ],
        [
            -0.0101572641980407,
            1.0563554765962335,
            -39.562544051368555
        ],
        [
            -3.5588983609261266e-05,
            0.00012607962271925577,
            1.0
        ]
    ]
}