{"warp_matrix": [[1.061390822960838, 0.002451249013766754, -287.76192672208913], [0.014631437759782984, 1.0607792375842386, -58.06486074969739], [6.487693302242316e-05, 1.5935215364074355e-05, 1.0]], "value_min": [74, 0, 0], "arena_vertices": [[41, 19], [58, 2], [617, 0], [641, 26], [642, 175], [672, 176], [672, 331], [644, 332], [640, 480], [620, 499], [53, 495], [41, 485], [40, 333], [1, 333], [2, 171], [42, 172]], "arena_size": [583, 448]}