{
    "arena_size": [
        499,
        385
    ],
    "arena_vertices": [
        [
            5,
            139
        ],
        [
            29,
            139
        ],
        [
            29,
            28
        ],
        [
            54,
            6
        ],
        [
            444,
            3
        ],
        [
            468,
            28
        ],
        [
            467,
            137
        ],
        [
            493,
            138
        ],
        [
            493,
            246
        ],
        [
            469,
            247
        ],
        [
            470,
            361
        ],
        [
            445,
            382
        ],
        [
            57,
            381
        ],
        [
            33,
            354
        ],
        [
            31,
            247
        ],
        [
            4,
            246
        ]
    ],
    "warp_matrix": [
        [
            1.021714732997157,
            0.005321430901026953,
            -237.25599672228256
        ],
        [
            0.008283825128800092,
            1.0209814471246255,
            -43.782086761991266
        ],
        [
            1.105700266747613e-05,
            3.704330303678261e-05,
            1.0
        ]
    ]
}