{
    "arena_size": [
        658,
        494
    ],
    "arena_vertices": [
        [
            67,
            -1
        ],
        [
            598,
            1
        ],
        [
            630,
            37
        ],
        [
            628,
            169
        ],
        [
            657,
            171
        ],
        [
            657,
            322
        ],
        [
            627,
            321
        ],
        [
            627,
            462
        ],
        [
            597,
            493
        ],
        [
            64,
            491
        ],
        [
            37,
            469
        ],
        [
            38,
            328
        ],
        [
            1,
            323
        ],
        [
            2,
            165
        ],
        [
            38,
            162
        ],
        [
            40,
            23
        ]
    ],
    "warp_matrix": [
        [
            1.063373015256245,
            0.04940925121392653,
            -320.8400468717888
        ],
        [
            -0.02408076318285242,
            1.064713743584687,
            -32.17017955777766
        ],
        [
            -5.7373252431612805e-06,
            0.0001307884263007574,
            1.0
        ]
    ]
}