{
    "arena_size": [
        666,
        504
    ],
    "arena_vertices": [
        [
            11,
            167
        ],
        [
            47,
            167
        ],
        [
            55,
            31
        ],
        [
            86,
            4
        ],
        [
            582,
            6
        ],
        [
            610,
            33
        ],
        [
            616,
            168
        ],
        [
            654,
            168
        ],
        [
            661,
            322
        ],
        [
            620,
            327
        ],
        [
            624,
            468
        ],
        [
            600,
            500
        ],
        [
            68,
            501
        ],
        [
            41,
            475
        ],
        [
            47,
            327
        ],
        [
            4,
            325
        ]
    ],
    "warp_matrix": [
        [
            0.9749137104619363,
            -0.007722088795739004,
            -195.7182710501812
        ],
        [
            -0.01030243321453611,
            0.9816747077278964,
            -28.361126863443275
        ],
        [
            -2.6406110157164184e-05,
            -2.0608279394815148e-05,
            1.0
        ]
    ]
}