{"warp_matrix": [[1.0235729874478925, 0.05843231621257411, -136.7477391970742], [-0.018635554075297753, 1.060532441012304, -27.2350152104054], [-5.731577886517017e-05, 0.00012983896490384995, 1.0]], "arena_vertices": [[36, 23], [62, 2], [601, 6], [627, 36], [625, 180], [664, 181], [665, 334], [626, 333], [629, 480], [607, 505], [63, 502], [37, 479], [37, 328], [3, 332], [2, 176], [37, 176]], "arena_size": [667, 507]}