{
    "arena_size": [
        533,
        405
    ],
    "arena_vertices": [
        [
            39,
            31
        ],
        [
            64,
            8
        ],
        [
            464,
            8
        ],
        [
            489,
            31
        ],
        [
            490,
            140
        ],
        [
            521,
            140
        ],
        [
            523,
            262
        ],
        [
            493,
            261
        ],
        [
            494,
            373
        ],
        [
            472,
            396
        ],
        [
            64,
            398
        ],
        [
            43,
            375
        ],
        [
            41,
            263
        ],
        [
            11,
            264
        ],
        [
            9,
            141
        ],
        [
            41,
            141
        ]
    ],
    "warp_matrix": [
        [
            1.0118066879755216,
            0.012491440592290376,
            -169.43390019382682
        ],
        [
            0.003823005002719755,
            1.0111848232193743,
            -38.05228029457105
        ],
        [
            4.807839590304761e-06,
            2.3436098672214487e-05,
            1.0
        ]
    ]
}