{
    "arena_size": [
        652,
        488
    ],
    "arena_vertices": [
        [
            44,
            28
        ],
        [
            72,
            1
        ],
        [
            583,
            1
        ],
        [
            609,
            26
        ],
        [
            610,
            168
        ],
        [
            646,
            168
        ],
        [
            649,
            318
        ],
        [
            613,
            318
        ],
        [
            613,
            462
        ],
        [
            583,
            484
        ],
        [
            75,
            487
        ],
        [
            45,
            468
        ],
        [
            44,
            328
        ],
        [
            1,
            327
        ],
        [
            0,
            164
        ],
        [
            43,
            164
        ]
    ],
    "warp_matrix": [
        [
            1.0006988684577636,
            0.002046418953901385,
            -228.2371059286183
        ],
        [
            0.0015418785940612524,
            1.0022210861398695,
            -38.435949592761006
        ],
        [
            -3.1016382015888536e-06,
            9.441613203492097e-06,
            1.0
        ]
    ]
}