{
    "arena_size": [
        662,
        495
    ],
    "arena_vertices": [
        [
            68,
            0
        ],
        [
            597,
            0
        ],
        [
            628,
            29
        ],
        [
            630,
            168
        ],
        [
            659,
            169
        ],
        [
            660,
            328
        ],
        [
            632,
            328
        ],
        [
            629,
            464
        ],
        [
            601,
            494
        ],
        [
            61,
            492
        ],
        [
            35,
            466
        ],
        [
            36,
            325
        ],
        [
            3,
            325
        ],
        [
            1,
            165
        ],
        [
            36,
            164
        ],
        [
            36,
            26
        ]
    ],
    "warp_matrix": [
        [
            1.0594339867298175,
            0.05339889046017225,
            -287.01690026780744
        ],
        [
            -0.020722847940779377,
            1.0689535729452093,
            -35.04578967584829
        ],
        [
            -1.7534206067389398e-05,
            0.0001431423780432135,
            1.0
        ]
    ]
}