{
    "arena_size": [
        661,
        497
    ],
    "arena_vertices": [
        [
            68,
            0
        ],
        [
            597,
            1
        ],
        [
            631,
            33
        ],
        [
            630,
            169
        ],
        [
            656,
            172
        ],
        [
            655,
            326
        ],
        [
            629,
            326
        ],
        [
            630,
            467
        ],
        [
            601,
            495
        ],
        [
            62,
            492
        ],
        [
            35,
            471
        ],
        [
            35,
            327
        ],
        [
            4,
            328
        ],
        [
            0,
            167
        ],
        [
            35,
            168
        ],
        [
            36,
            27
        ]
    ],
    "warp_matrix": [
        [
            1.062697604551132,
            0.05121434238800641,
            -287.7605862926108
        ],
        [
            -0.01904526099893993,
            1.0699973906677265,
            -34.46672824599106
        ],
        [
            -1.4031536257485501e-05,
            0.0001430050840703854,
            1.0
        ]
    ]
}