{"warp_matrix": [[1.0669733957201502, 8.544894852452186e-17, -321.1589921117652], [0.020838985780871552, 1.066261439121262, -68.11569818907554], [6.477905567110061e-05, 1.7273545864458027e-05, 1.0]], "arena_vertices": [[1, 163], [33, 163], [34, 23], [61, -1], [564, 1], [592, 23], [592, 163], [616, 164], [617, 316], [591, 318], [591, 453], [564, 479], [63, 478], [33, 451], [31, 314], [0, 316]], "arena_size": [618, 480]}