{"warp_matrix": [[1.0445261633193652, 0.002140422465818348, -165.1207507030924], [0.012851356409027454, 1.0409598691312252, -43.668909077875334], [5.744868666791341e-05, -5.9227960652437065e-06, 1.0]], "arena_vertices": [[72, 4], [574, 2], [604, 31], [606, 170], [645, 169], [646, 327], [609, 327], [611, 467], [580, 500], [68, 501], [37, 468], [38, 329], [5, 328], [4, 171], [40, 170], [41, 34]], "arena_size": [647, 505]}