{
    "arena_size": [
        656,
        502
    ],
    "arena_vertices": [
        [
            36,
            34
        ],
        [
            68,
            3
        ],
        [
            581,
            4
        ],
        [
            614,
            36
        ],
        [
            615,
            174
        ],
        [
            652,
            173
        ],
        [
            653,
            330
        ],
        [
            615,
            329
        ],
        [
            616,
            468
        ],
        [
            584,
            498
        ],
        [
            76,
            499
        ],
        [
            41,
            467
        ],
        [
            41,
            330
        ],
        [
            3,
            330
        ],
        [
            0,
            174
        ],
        [
            39,
            174
        ]
    ],
    "warp_matrix": [
        [
            1.0073547694444802,
            0.026035013922024293,
            -210.3629124899566
        ],
        [
            -0.006294221585924753,
            1.0149432307303674,
            -31.16898529349941
        ],
        [
            -1.2538290011802397e-05,
            3.658503610696335e-05,
            1.0
        ]
    ]
}