{
    "arena_size": [
        666,
        498
    ],
    "arena_vertices": [
        [
            5,
            171
        ],
        [
            48,
            172
        ],
        [
            44,
            26
        ],
        [
            71,
            3
        ],
        [
            599,
            8
        ],
        [
            627,
            36
        ],
        [
            628,
            176
        ],
        [
            659,
            177
        ],
        [
            659,
            323
        ],
        [
            625,
            324
        ],
        [
            629,
            464
        ],
        [
            603,
            490
        ],
        [
            75,
            495
        ],
        [
            49,
            466
        ],
        [
            49,
            323
        ],
        [
            6,
            324
        ]
    ],
    "warp_matrix": [
        [
            1.077876903001275,
            0.058674750768214684,
            -310.38508528602074
        ],
        [
            -0.017292139176224103,
            1.0790294845963904,
            -33.89950964107001
        ],
        [
            4.781339809071432e-06,
            0.00013984058544823624,
            1.0
        ]
    ]
}