{"warp_matrix": [[1.0657855209805054, -0.0049456404685871425, -286.4292405584522], [0.02188423942366341, 1.065032985284937, -63.39864161035223], [7.708489339360708e-05, 3.1840396455550565e-06, 1.0]], "arena_vertices": [[58, 0], [533, 0], [555, 23], [555, 155], [580, 156], [582, 295], [555, 295], [555, 427], [531, 447], [57, 447], [34, 424], [34, 294], [1, 294], [1, 156], [33, 156], [34, 23]], "arena_size": [584, 449]}