{"warp_matrix": [[0.9432825615623426, 0.015623727727739997, -193.6229047639245], [-0.027256828943566652, 0.9780391562103152, -10.060976565934212], [-6.664097520632555e-05, -1.2727553692980437e-05, 1.0]], "value_min": [74, 0, 0], "arena_vertices": [[81, 0], [742, 1], [774, 33], [773, 228], [810, 227], [809, 429], [772, 429], [772, 619], [738, 653], [87, 652], [49, 616], [49, 430], [2, 430], [2, 226], [48, 227], [50, 33]], "arena_size": [609, 482]}