{"warp_matrix": [[1.0495380033894115, -0.0243449536868679, -269.709626912246], [0.037484371815168095, 1.047479945723865, -55.760085540163374], [3.46642214707424e-05, 5.9621070493178254e-05, 1.0]], "arena_vertices": [[46, 2], [470, 0], [490, 21], [494, 134], [513, 135], [513, 256], [493, 257], [492, 372], [471, 392], [52, 392], [32, 371], [30, 255], [2, 255], [2, 132], [29, 132], [31, 18]], "arena_size": [514, 393]}