{"warp_matrix": [[1.0073685178979932, -0.012385678498745814, -299.68800551515346], [0.009728302017745986, 1.0068792588366975, -44.181083613592904], [9.925663191410956e-06, -2.433496569489245e-07, 1.0]], "arena_vertices": [[2, 169], [36, 170], [33, 25], [59, 1], [570, 2], [596, 25], [589, 169], [617, 170], [616, 314], [588, 315], [593, 462], [568, 488], [56, 488], [29, 461], [30, 322], [1, 322]], "arena_size": [620, 490]}
