{
    "arena_size": [
        516,
        393
    ],
    "arena_vertices": [
        [
            4,
            128
        ],
        [
            34,
            131
        ],
        [
            34,
            26
        ],
        [
            58,
            3
        ],
        [
            453,
            2
        ],
        [
            478,
            25
        ],
        [
            479,
            123
        ],
        [
            510,
            123
        ],
        [
            509,
            250
        ],
        [
            482,
            251
        ],
        [
            486,
            366
        ],
        [
            470,
            388
        ],
        [
            59,
            390
        ],
        [
            31,
            360
        ],
        [
            30,
            255
        ],
        [
            4,
            251
        ]
    ],
    "warp_matrix": [
        [
            1.0170646203072797,
            -7.939217425750834e-17,
            -184.08869627561765
        ],
        [
            0.0059437950158626185,
            1.016388947712493,
            -37.66582901552086
        ],
        [
            1.5124160345706552e-05,
            1.9857170612853628e-05,
            1.0
        ]
    ]
}