{"warp_matrix": [[1.0094753752061094, -0.043803665196320354, -339.66954853779373], [0.03812520978490847, 1.0087295088923698, -48.19185371853201], [9.745273245673135e-06, 5.360673029970627e-06, 1.0]], "arena_vertices": [[71, 4], [581, 4], [610, 32], [610, 174], [634, 179], [635, 332], [610, 332], [607, 477], [577, 504], [65, 503], [41, 473], [39, 334], [10, 334], [7, 180], [42, 180], [42, 35]], "arena_size": [636, 509]}