{
    "arena_size": [
        508,
        388
    ],
    "arena_vertices": [
        [
            0,
            135
        ],
        [
            28,
            135
        ],
        [
            27,
            26
        ],
        [
            54,
            1
        ],
        [
            454,
            2
        ],
        [
            480,
            27
        ],
        [
            481,
            134
        ],
        [
            507,
            133
        ],
        [
            507,
            257
        ],
        [
            482,
            258
        ],
        [
            483,
            367
        ],
        [
            457,
            386
        ],
        [
            49,
            387
        ],
        [
            27,
            369
        ],
        [
            26,
            260
        ],
        [
            0,
            260
        ]
    ],
    "warp_matrix": [
        [
            1.013930834094706,
            0.0026199763154902225,
            -179.57841661632904
        ],
        [
            0.006019387472251794,
            1.0132635578290465,
            -44.63576456923756
        ],
        [
            1.0423444735159773e-05,
            2.0469799198598495e-05,
            1.0
        ]
    ]
}