{"warp_matrix": [[1.0172968627796861, -0.01688459523285768, -369.4349436949301], [0.02127986685943456, 1.0165228707468352, -59.58853794492285], [1.0677098274576146e-05, 1.6326858902163902e-05, 1.0]], "arena_vertices": [[41, 170], [40, 27], [67, 2], [564, 4], [588, 30], [595, 171], [623, 171], [624, 317], [591, 314], [587, 452], [562, 479], [68, 481], [42, 453], [40, 313], [6, 314], [5, 170]], "arena_size": [625, 484]}