{
    "arena_size": [
        525,
        403
    ],
    "arena_vertices": [
        [
            42,
            28
        ],
        [
            64,
            7
        ],
        [
            464,
            7
        ],
        [
            486,
            29
        ],
        [
            488,
            139
        ],
        [
            520,
            138
        ],
        [
            522,
            260
        ],
        [
            492,
            260
        ],
        [
            492,
            371
        ],
        [
            471,
            394
        ],
        [
            64,
            397
        ],
        [
            41,
            374
        ],
        [
            42,
            261
        ],
        [
            11,
            262
        ],
        [
            10,
            139
        ],
        [
            42,
            139
        ]
    ],
    "warp_matrix": [
        [
            1.0055805589171039,
            0.004990474237802021,
            -166.1104302423586
        ],
        [
            0.003835849871999946,
            1.0049926664639888,
            -38.82263655451156
        ],
        [
            4.7952860640706425e-06,
            9.505665214860966e-06,
            1.0
        ]
    ]
}