{
    "arena_size": [
        651,
        511
    ],
    "arena_vertices": [
        [
            41,
            34
        ],
        [
            74,
            2
        ],
        [
            582,
            5
        ],
        [
            610,
            33
        ],
        [
            611,
            172
        ],
        [
            648,
            170
        ],
        [
            649,
            327
        ],
        [
            614,
            324
        ],
        [
            616,
            464
        ],
        [
            582,
            495
        ],
        [
            72,
            502
        ],
        [
            39,
            469
        ],
        [
            42,
            330
        ],
        [
            3,
            330
        ],
        [
            3,
            174
        ],
        [
            42,
            173
        ]
    ],
    "warp_matrix": [
        [
            1.0085067103132677,
            -8.343500275178744e-18,
            -202.70984877296684
        ],
        [
            8.329926562252053e-18,
            1.0034446911649801,
            -35.12056419077431
        ],
        [
            1.2158361429634662e-05,
            -9.005900930862957e-06,
            1.0
        ]
    ]
}