{
    "arena_size": [
        479,
        385
    ],
    "arena_vertices": [
        [
            46,
            1
        ],
        [
            430,
            1
        ],
        [
            456,
            27
        ],
        [
            457,
            136
        ],
        [
            477,
            136
        ],
        [
            478,
            250
        ],
        [
            460,
            250
        ],
        [
            458,
            364
        ],
        [
            433,
            384
        ],
        [
            45,
            384
        ],
        [
            21,
            359
        ],
        [
            20,
            247
        ],
        [
            0,
            247
        ],
        [
            1,
            136
        ],
        [
            19,
            135
        ],
        [
            20,
            27
        ]
    ],
    "warp_matrix": [
        [
            1.076797628312479,
            0.01459075377117178,
            -184.89111363753483
        ],
        [
            0.015897868625349046,
            1.0765128183450712,
            -58.697202088878385
        ],
        [
            9.879542377606089e-05,
            3.602878176682838e-05,
            1.0
        ]
    ]
}