{"warp_matrix": [[0.9560459730589514, -0.0038550240849151134, -184.37809193332066], [-0.0015463026595200977, 0.9896337020928979, -35.328376862056956], [-5.2935913930013565e-05, 3.663942905950192e-06, 1.0]], "arena_vertices": [[71, 4], [568, 3], [596, 31], [599, 166], [636, 168], [638, 323], [602, 323], [603, 461], [575, 490], [73, 493], [43, 465], [42, 330], [7, 330], [4, 171], [42, 171], [41, 34]], "arena_size": [640, 495]}