{
    "arena_size": [
        639,
        490
    ],
    "arena_vertices": [
        [
            38,
            26
        ],
        [
            68,
            -1
        ],
        [
            578,
            0
        ],
        [
            605,
            28
        ],
        [
            605,
            171
        ],
        [
            636,
            169
        ],
        [
            637,
            321
        ],
        [
            604,
            320
        ],
        [
            604,
            464
        ],
        [
            578,
            489
        ],
        [
            61,
            489
        ],
        [
            36,
            465
        ],
        [
            37,
            321
        ],
        [
            4,
            321
        ],
        [
            4,
            169
        ],
        [
            38,
            170
        ]
    ],
    "warp_matrix": [
        [
            0.9948568724240318,
            -0.0020261850762200444,
            -233.70829143152238
        ],
        [
            0.0031690581678283387,
            1.0045914392015656,
            -41.932977676703814
        ],
        [
            -1.5743384369020825e-05,
            1.9480323287441068e-05,
            1.0
        ]
    ]
}