{"warp_matrix": [[1.0333707788142377, 0.032870641075601226, -253.3586837504713], [-0.003359333957170252, 1.0514715285939824, -38.08476907242765], [-2.7696938905995283e-05, 0.00011108901086584211, 1.0]], "arena_vertices": [[44, 27], [68, 2], [594, 5], [620, 34], [622, 174], [656, 177], [658, 325], [618, 325], [619, 464], [593, 491], [69, 494], [44, 467], [45, 323], [3, 321], [4, 171], [42, 171]], "arena_size": [660, 502]}