{"warp_matrix": [[0.9759600678625515, -0.040162965755661806, -177.71710717222217], [0.011543101542054929, 0.9984782833878079, -24.07890981672775], [-3.199694387820732e-05, 1.4780286008785602e-05, 1.0]], "value_min": [74, 0, 0], "arena_vertices": [[41, 19], [58, 2], [617, 0], [641, 26], [642, 175], [672, 176], [672, 331], [644, 332], [640, 480], [620, 499], [53, 495], [41, 485], [40, 333], [1, 333], [2, 171], [42, 172]], "arena_size": [695, 485]}