{
    "arena_size": [
        514,
        403
    ],
    "arena_vertices": [
        [
            2,
            138
        ],
        [
            1,
            262
        ],
        [
            26,
            262
        ],
        [
            22,
            375
        ],
        [
            48,
            400
        ],
        [
            463,
            402
        ],
        [
            490,
            382
        ],
        [
            485,
            262
        ],
        [
            511,
            261
        ],
        [
            512,
            138
        ],
        [
            484,
            134
        ],
        [
            484,
            27
        ],
        [
            459,
            1
        ],
        [
            59,
            2
        ],
        [
            32,
            29
        ],
        [
            29,
            136
        ]
    ],
    "warp_matrix": [
        [
            1.0190656601835766,
            0.0025540492736429487,
            -179.4296236212451
        ],
        [
            -0.0039710154265051424,
            1.0185654568985754,
            -28.839499534993774
        ],
        [
            2.4366734768691193e-05,
            9.816124094965905e-06,
            1.0
        ]
    ]
}