{"warp_matrix": [[1.0278933303247528, -0.008390965961834917, -230.0551137756223], [-2.7755575615628914e-16, 0.9815006007354692, -22.57451381691567], [3.506526884309295e-05, -8.991090170656067e-05, 1.0]], "value_min": [74, 0, 0], "arena_vertices": [[41, 19], [58, 2], [617, 0], [641, 26], [642, 175], [672, 176], [672, 331], [644, 332], [640, 480], [620, 499], [53, 495], [41, 485], [40, 333], [1, 333], [2, 171], [42, 172]], "arena_size": [673, 500]}