{
    "arena_size": [
        663,
        497
    ],
    "arena_vertices": [
        [
            70,
            0
        ],
        [
            598,
            1
        ],
        [
            630,
            34
        ],
        [
            632,
            169
        ],
        [
            662,
            169
        ],
        [
            660,
            330
        ],
        [
            632,
            327
        ],
        [
            632,
            469
        ],
        [
            604,
            496
        ],
        [
            63,
            495
        ],
        [
            38,
            469
        ],
        [
            38,
            327
        ],
        [
            2,
            329
        ],
        [
            2,
            168
        ],
        [
            39,
            167
        ],
        [
            38,
            30
        ]
    ],
    "warp_matrix": [
        [
            1.0542096571899537,
            0.052922171545680415,
            -286.59472778847766
        ],
        [
            -0.022311944748671264,
            1.0658244376096067,
            -33.41127910941417
        ],
        [
            -2.0725995510741657e-05,
            0.00013863393215993682,
            1.0
        ]
    ]
}