{
    "arena_size": [
        659,
        507
    ],
    "arena_vertices": [
        [
            47,
            35
        ],
        [
            80,
            2
        ],
        [
            584,
            7
        ],
        [
            617,
            39
        ],
        [
            617,
            174
        ],
        [
            656,
            172
        ],
        [
            656,
            328
        ],
        [
            619,
            328
        ],
        [
            618,
            466
        ],
        [
            587,
            498
        ],
        [
            78,
            502
        ],
        [
            46,
            470
        ],
        [
            46,
            330
        ],
        [
            8,
            331
        ],
        [
            7,
            173
        ],
        [
            48,
            173
        ]
    ],
    "warp_matrix": [
        [
            1.0078020538337467,
            -3.8949727649596534e-17,
            -195.51359844374682
        ],
        [
            0.004585745571925953,
            1.0073354439663902,
            -33.124368847878095
        ],
        [
            9.044863060997735e-06,
            2.992608369506663e-06,
            1.0
        ]
    ]
}