{
    "arena_size": [
        661,
        500
    ],
    "arena_vertices": [
        [
            69,
            0
        ],
        [
            596,
            0
        ],
        [
            628,
            30
        ],
        [
            630,
            170
        ],
        [
            659,
            170
        ],
        [
            659,
            331
        ],
        [
            630,
            329
        ],
        [
            628,
            472
        ],
        [
            599,
            499
        ],
        [
            62,
            498
        ],
        [
            35,
            474
        ],
        [
            36,
            330
        ],
        [
            2,
            330
        ],
        [
            1,
            170
        ],
        [
            33,
            169
        ],
        [
            37,
            30
        ]
    ],
    "warp_matrix": [
        [
            1.044209766040007,
            0.03126376545029968,
            -274.73971802414286
        ],
        [
            -0.010289174182440033,
            1.0632146655188026,
            -36.64317898839641
        ],
        [
            -2.960016439003691e-05,
            0.0001356152614863433,
            1.0
        ]
    ]
}