{
    "arena_size": [
        664,
        508
    ],
    "arena_vertices": [
        [
            7,
            167
        ],
        [
            49,
            170
        ],
        [
            53,
            29
        ],
        [
            81,
            6
        ],
        [
            589,
            14
        ],
        [
            614,
            42
        ],
        [
            620,
            177
        ],
        [
            659,
            175
        ],
        [
            662,
            327
        ],
        [
            622,
            330
        ],
        [
            628,
            475
        ],
        [
            602,
            502
        ],
        [
            68,
            500
        ],
        [
            42,
            478
        ],
        [
            47,
            323
        ],
        [
            2,
            324
        ]
    ],
    "warp_matrix": [
        [
            1.038781442894868,
            0.02061074291458075,
            -267.68820682599136
        ],
        [
            1.947759692324836e-17,
            1.038456867723588,
            -36.3459903703256
        ],
        [
            1.4999261270135094e-05,
            4.930468359880793e-05,
            1.0
        ]
    ]
}