{"warp_matrix": [[0.9502722209452791, 0.0059023119313375005, -155.96269047365263], [-0.021045747615171265, 0.9762888477036595, -16.074274345185444], [-4.7682692814097035e-05, -2.173594139778966e-05, 1.0]], "arena_vertices": [[82, 2], [748, 6], [777, 42], [782, 228], [828, 228], [828, 419], [780, 420], [779, 605], [746, 637], [85, 641], [54, 603], [52, 418], [3, 417], [3, 223], [53, 222], [53, 38]]}