{"warp_matrix": [[0.9453095692050153, -0.005817289656643465, -86.91612475995204], [-0.009516521702315789, 0.9825808657642457, -7.967707795265596], [-0.0001035027987667982, -1.4119635088934775e-05, 1.0]], "arena_vertices": [[36, 3], [373, 1], [389, 19], [393, 113], [411, 113], [411, 211], [391, 213], [388, 307], [372, 323], [40, 323], [26, 305], [25, 212], [1, 213], [3, 114], [23, 114], [24, 19]], "arena_size": [412, 324]}