{"warp_matrix": [[1.1906438027606652, 0.020617208705809686, -95.15357247950082], [0.023738012011954787, 1.189538157488034, -64.92082529581029], [0.000323546721886885, 7.104379642355852e-05, 1.0]], "value_min": [0, 0, 255], "arena_vertices": [[52, 51], [86, 30], [360, 37], [379, 64], [372, 181], [350, 199], [67, 203], [60, 181]], "arena_size": [457, 263]}