{"warp_matrix": [[0.9401928866030987, 0.005803659793848073, -127.01309458832633], [-0.023300809560435495, 0.9646535158020793, -11.32419344637271], [-0.00010203106306594487, -5.500156920058407e-05, 1.0]], "value_min": [37, 0, 0], "arena_vertices": [[25, 14], [39, 1], [376, 1], [393, 19], [394, 111], [411, 112], [412, 212], [392, 212], [392, 308], [375, 322], [41, 322], [24, 306], [24, 209], [1, 209], [1, 110], [25, 110]], "arena_size": [413, 323]}