{"warp_matrix": [[0.9452725211543314, -0.013108555763310936, -149.970616969456], [-0.008195517402193028, 0.9764373590610291, -23.107846709577395], [-5.345078317396638e-05, -1.9569567091992792e-05, 1.0]], "arena_vertices": [[79, 2], [755, 2], [787, 39], [789, 227], [831, 225], [831, 427], [790, 428], [789, 615], [757, 647], [81, 647], [45, 615], [44, 427], [0, 427], [2, 227], [45, 226], [47, 35]], "arena_size": [833, 648]}