{"warp_matrix": [[0.9386281473340687, -0.005705946184398819, -85.36380789174106], [-0.01168202246340333, 0.9766170779406131, -7.726489657296121], [-0.00011549333039516634, -2.8804091969366968e-05, 1.0]], "arena_vertices": [[25, 19], [42, 2], [380, 3], [397, 22], [397, 116], [416, 115], [416, 216], [395, 217], [397, 309], [378, 327], [43, 327], [27, 310], [26, 214], [2, 216], [1, 114], [26, 115]], "arena_size": [417, 328]}